[{"id":"user-image-fgggg-min.jpg","publicUrl":"np://user.desktop.nicepage.com/Site_2635923493/images/fgggg-min.jpg","size":647501,"hash":"/w7/2aZhEmJo1gYv77wk/W4At6w=","fileName":"fgggg-min.jpg","name":"fgggg-min","width":1980,"height":1320,"thumbnail":{"url":"np://user.desktop.nicepage.com/Site_2635923493/images/thumbnails/fgggg-min.jpg","width":250,"height":167},"originalUrl":"//images01.nicepage.com/c461c07a441a5d220e8feb1a/68a72ac64a305c539fb36d25/fgggg-min.jpg","usages":["363721389"]},{"id":"user-image-e01a044068ed5e8a6ea18b49bf59592d8b0d4e489a61f9a9efd046846b8f432bd13504a5f93ec8a41de79cb02baab3f1318799e690056bd199d7ba_1280.jpg","publicUrl":"np://user.desktop.nicepage.com/Site_2635923493/images/e01a044068ed5e8a6ea18b49bf59592d8b0d4e489a61f9a9efd046846b8f432bd13504a5f93ec8a41de79cb02baab3f1318799e690056bd199d7ba_1280.jpg","size":167316,"hash":"ZwaZQkqkrJ6V3/+OYE9wam/9id4=","fileName":"e01a044068ed5e8a6ea18b49bf59592d8b0d4e489a61f9a9efd046846b8f432bd13504a5f93ec8a41de79cb02baab3f1318799e690056bd199d7ba_1280.jpg","name":"e01a044068ed5e8a6ea18b49bf59592d8b0d4e489a61f9a9efd046846b8f432bd13504a5f93ec8a41de79cb02baab3f1318799e690056bd199d7ba_1280","width":1280,"height":853,"thumbnail":{"url":"np://user.desktop.nicepage.com/Site_2635923493/images/thumbnails/e01a044068ed5e8a6ea18b49bf59592d8b0d4e489a61f9a9efd046846b8f432bd13504a5f93ec8a41de79cb02baab3f1318799e690056bd199d7ba_1280.jpg","width":250,"height":167},"usages":["128378467"]},{"id":"user-image-pexels-photo-3939602.jpeg","publicUrl":"np://user.desktop.nicepage.com/Site_2635923493/images/pexels-photo-3939602.jpeg","size":429713,"hash":"OWlWfROd/YHFMFKNF8jYwAu3VPg=","fileName":"pexels-photo-3939602.jpeg","name":"pexels-photo-3939602","width":2002,"height":1500,"thumbnail":{"url":"np://user.desktop.nicepage.com/Site_2635923493/images/thumbnails/pexels-photo-3939602.jpeg","width":250,"height":187},"originalUrl":"https://assets.nicepagecdn.com/11a8ddce/4267640/images/pexels-photo-3939602.jpeg","usages":["244361181"]},{"id":"user-image-pisco-sour.jpg","publicUrl":"np://user.desktop.nicepage.com/Site_2635923493/images/pisco-sour.jpg","size":202223,"hash":"cRKY1IZJjur9XmL4jzihHxKBmp0=","fileName":"pisco-sour.jpg","name":"pisco-sour","width":1688,"height":1125,"thumbnail":{"url":"np://user.desktop.nicepage.com/Site_2635923493/images/thumbnails/pisco-sour.jpg","width":250,"height":167},"usages":["244361181"]},{"id":"user-image-Piscosour.jpg","publicUrl":"np://user.desktop.nicepage.com/Site_2635923493/images/Piscosour.jpg","size":162575,"hash":"FL2fCqMnVc6/1FYKO0EOnb6Ly9k=","fileName":"Piscosour.jpg","name":"Piscosour","width":980,"height":736,"thumbnail":{"url":"np://user.desktop.nicepage.com/Site_2635923493/images/thumbnails/Piscosour.jpg","width":250,"height":188},"usages":["244361181"]},{"id":"user-image-8068017.png","publicUrl":"np://user.desktop.nicepage.com/Site_2635923493/images/8068017.png","size":2814,"hash":"+c7JKN0hbWxrGLcnrHpF7GJhtHI=","fileName":"8068017.png","name":"8068017","width":128,"height":128,"thumbnail":{"url":"np://user.desktop.nicepage.com/Site_2635923493/images/thumbnails/8068017.png","width":128,"height":128,"length":2814,"type":"png"},"usages":["244361181","363721389","1420818507"]},{"id":"user-image-8068073.png","publicUrl":"np://user.desktop.nicepage.com/Site_2635923493/images/8068073.png","size":3787,"hash":"OTXgvTF3pPm5dRXoSd3aThrcC84=","fileName":"8068073.png","name":"8068073","width":128,"height":128,"thumbnail":{"url":"np://user.desktop.nicepage.com/Site_2635923493/images/thumbnails/8068073.png","width":128,"height":128,"length":3787,"type":"png"},"usages":["244361181","363721389","1420818507"]},{"id":"user-image-8068129.png","publicUrl":"np://user.desktop.nicepage.com/Site_2635923493/images/8068129.png","size":3835,"hash":"C/kAUKmlK8gxccMKzVa9OCtER8o=","fileName":"8068129.png","name":"8068129","width":128,"height":128,"thumbnail":{"url":"np://user.desktop.nicepage.com/Site_2635923493/images/thumbnails/8068129.png","width":128,"height":128,"length":3835,"type":"png"},"usages":["244361181","363721389"]},{"id":"user-image-8068184.png","publicUrl":"np://user.desktop.nicepage.com/Site_2635923493/images/8068184.png","size":3316,"hash":"9F/r2DbgAvbT5tXT+FRp2WRYO/I=","fileName":"8068184.png","name":"8068184","width":128,"height":128,"thumbnail":{"url":"np://user.desktop.nicepage.com/Site_2635923493/images/thumbnails/8068184.png","width":128,"height":128,"length":3316,"type":"png"},"usages":["244361181"]},{"id":"user-image-8068238.png","publicUrl":"np://user.desktop.nicepage.com/Site_2635923493/images/8068238.png","size":3680,"hash":"KJJ/t7Q/Nz8EAVnVRxSEeqbR3JE=","fileName":"8068238.png","name":"8068238","width":128,"height":128,"thumbnail":{"url":"np://user.desktop.nicepage.com/Site_2635923493/images/thumbnails/8068238.png","width":128,"height":128,"length":3680,"type":"png"},"usages":["244361181"]},{"id":"user-image-1828884.png","publicUrl":"np://user.desktop.nicepage.com/Site_2635923493/images/1828884.png","size":3070,"hash":"4E98fel8FO8aa42VIAV606QZnfg=","fileName":"1828884.png","name":"1828884","width":128,"height":128,"thumbnail":{"url":"np://user.desktop.nicepage.com/Site_2635923493/images/thumbnails/1828884.png","width":128,"height":128,"length":3070,"type":"png"},"usages":["244361181","363721389","1420818507"]},{"id":"user-image-1b8ee233-58d8-542e-d99c-b9affb809fec.jpeg","publicUrl":"np://user.desktop.nicepage.com/Site_2635923493/images/1b8ee233-58d8-542e-d99c-b9affb809fec.jpeg","size":12340,"hash":"HWTYBZZ4WZXgOuMaZJCWUhmFazY=","fileName":"1b8ee233-58d8-542e-d99c-b9affb809fec.jpeg","name":"1b8ee233-58d8-542e-d99c-b9affb809fec","width":201,"height":251,"thumbnail":{"url":"np://user.desktop.nicepage.com/Site_2635923493/images/thumbnails/1b8ee233-58d8-542e-d99c-b9affb809fec.jpeg","width":200,"height":250},"usages":["363721389"]},{"id":"user-image-vendima.jpg","publicUrl":"np://user.desktop.nicepage.com/Site_2635923493/images/vendima.jpg","size":1076868,"hash":"ZvjKTjKXlxWP5/tfAzrrC3skoIc=","fileName":"vendima.jpg","name":"vendima","width":1400,"height":840,"thumbnail":{"url":"np://user.desktop.nicepage.com/Site_2635923493/images/thumbnails/vendima.jpg","width":250,"height":150},"usages":["363721389"]},{"id":"user-image-763089.png","publicUrl":"np://user.desktop.nicepage.com/Site_2635923493/images/763089.png","size":3544,"hash":"Rt1GLRaQnipiXogB201XrjzK3co=","fileName":"763089.png","name":"763089","width":128,"height":128,"thumbnail":{"url":"np://user.desktop.nicepage.com/Site_2635923493/images/thumbnails/763089.png","width":128,"height":128,"length":3544,"type":"png"},"usages":["363721389"]},{"id":"user-image-campanario_2-1024x640.jpg","publicUrl":"np://user.desktop.nicepage.com/Site_2635923493/images/campanario_2-1024x640.jpg","size":46123,"hash":"UeHZ9owqxegbrCKok0qHrDQ0/IA=","fileName":"campanario_2-1024x640.jpg","name":"campanario_2-1024x640","width":1024,"height":640,"thumbnail":{"url":"np://user.desktop.nicepage.com/Site_2635923493/images/thumbnails/campanario_2-1024x640.jpg","width":250,"height":156},"usages":["515327989"]},{"id":"user-image-d80b941126270ac22a85336241b68426.jpg","publicUrl":"np://user.desktop.nicepage.com/Site_2635923493/images/d80b941126270ac22a85336241b68426.jpg","size":76390,"hash":"m/SvtwI0kLuHFeRtjSskwLDqcUw=","fileName":"d80b941126270ac22a85336241b68426.jpg","name":"d80b941126270ac22a85336241b68426","width":735,"height":1102,"thumbnail":{"url":"np://user.desktop.nicepage.com/Site_2635923493/images/thumbnails/d80b941126270ac22a85336241b68426.jpg","width":167,"height":250},"usages":["515327989"]},{"id":"user-image-ddfceb46-163c-80d6-1ef5-d3e73be6dfe9.jpeg","publicUrl":"np://user.desktop.nicepage.com/Site_2635923493/images/ddfceb46-163c-80d6-1ef5-d3e73be6dfe9.jpeg","size":4251,"hash":"0AeufhWYahtlpjEbs3h3woCXIFc=","fileName":"ddfceb46-163c-80d6-1ef5-d3e73be6dfe9.jpeg","name":"ddfceb46-163c-80d6-1ef5-d3e73be6dfe9","width":212,"height":238,"thumbnail":{"url":"np://user.desktop.nicepage.com/Site_2635923493/images/thumbnails/ddfceb46-163c-80d6-1ef5-d3e73be6dfe9.jpeg","height":238,"width":212,"length":4251,"type":"jpg"},"usages":["515327989"]},{"id":"user-image-a1f4ac2c-d88f-050d-cfcc-7658220196f8.jpeg","publicUrl":"np://user.desktop.nicepage.com/Site_2635923493/images/a1f4ac2c-d88f-050d-cfcc-7658220196f8.jpeg","size":3382,"hash":"Ju5sShvNXM8VPb8UjM8IBwtDD7w=","fileName":"a1f4ac2c-d88f-050d-cfcc-7658220196f8.jpeg","name":"a1f4ac2c-d88f-050d-cfcc-7658220196f8","width":210,"height":240,"thumbnail":{"url":"np://user.desktop.nicepage.com/Site_2635923493/images/thumbnails/a1f4ac2c-d88f-050d-cfcc-7658220196f8.jpeg","height":240,"width":210,"length":3382,"type":"jpg"},"usages":["515327989"]},{"id":"user-image-128378467-0.jpeg","publicUrl":"np://user.desktop.nicepage.com/Site_2635923493/images/128378467-0.jpeg","size":27728,"hash":"ExGt3fXvaL3TmdFNiUsYAiCJemU=","fileName":"128378467-0.jpeg","name":"128378467-0","width":771,"height":514,"thumbnail":{"url":"np://user.desktop.nicepage.com/Site_2635923493/images/128378467-0.jpeg","width":250,"height":167},"usages":["128378467"]},{"id":"user-image-otras-bebidas-tipicas-de-ica.jpg","publicUrl":"np://user.desktop.nicepage.com/Site_2635923493/images/otras-bebidas-tipicas-de-ica.jpg","size":241358,"hash":"PW46g/xDeD28kaCrrHpvJZ5r+Uk=","fileName":"otras-bebidas-tipicas-de-ica.jpg","name":"otras-bebidas-tipicas-de-ica","width":750,"height":393,"thumbnail":{"url":"np://user.desktop.nicepage.com/Site_2635923493/images/thumbnails/otras-bebidas-tipicas-de-ica.jpg","width":250,"height":131},"usages":["363721389"]},{"id":"user-image-Que-es-el-Pisco-Acholado.jpg","publicUrl":"np://user.desktop.nicepage.com/Site_2635923493/images/Que-es-el-Pisco-Acholado.jpg","size":103636,"hash":"ekKPlr7WIhQmEgffTtZC9MYW2zY=","fileName":"Que-es-el-Pisco-Acholado.jpg","name":"Que-es-el-Pisco-Acholado","width":1260,"height":660,"thumbnail":{"url":"np://user.desktop.nicepage.com/Site_2635923493/images/thumbnails/Que-es-el-Pisco-Acholado.jpg","width":250,"height":131},"usages":["1420818507"]},{"id":"user-image-RUSYPGC4JBDEBJ3W2GLJEIAY3I.jpg","publicUrl":"np://user.desktop.nicepage.com/Site_2635923493/images/RUSYPGC4JBDEBJ3W2GLJEIAY3I.jpg","size":151536,"hash":"221Hx63+HfdwPYPVCF41/GjofFc=","fileName":"RUSYPGC4JBDEBJ3W2GLJEIAY3I.jpg","name":"RUSYPGC4JBDEBJ3W2GLJEIAY3I","width":1200,"height":800,"thumbnail":{"url":"np://user.desktop.nicepage.com/Site_2635923493/images/thumbnails/RUSYPGC4JBDEBJ3W2GLJEIAY3I.jpg","width":250,"height":167},"usages":["1420818507"]},{"id":"user-image-3373376.png","publicUrl":"np://user.desktop.nicepage.com/Site_2635923493/images/3373376.png","size":6307,"hash":"OLlmrw+yfXitTrELeocDXYT7yc0=","fileName":"3373376.png","name":"3373376","width":128,"height":128,"thumbnail":{"url":"np://user.desktop.nicepage.com/Site_2635923493/images/thumbnails/3373376.png","width":128,"height":128,"length":6307,"type":"png"},"usages":["1420818507"]},{"id":"user-image-1553641.png","publicUrl":"np://user.desktop.nicepage.com/Site_2635923493/images/1553641.png","size":2327,"hash":"390fhQzs2YnmSd/E/KC3AXhpCb8=","fileName":"1553641.png","name":"1553641","width":128,"height":128,"thumbnail":{"url":"np://user.desktop.nicepage.com/Site_2635923493/images/thumbnails/1553641.png","width":128,"height":128,"length":2327,"type":"png"},"usages":["1420818507"]},{"id":"user-image-pisco-santiago-queirolo-acholado-pisco-santiago-queirolo-acholado.jpg","publicUrl":"np://user.desktop.nicepage.com/Site_2635923493/images/pisco-santiago-queirolo-acholado-pisco-santiago-queirolo-acholado.jpg","size":209020,"hash":"Xfvxn7ih96dARJFQ/XY5oaBKSnw=","fileName":"pisco-santiago-queirolo-acholado-pisco-santiago-queirolo-acholado.jpg","name":"pisco-santiago-queirolo-acholado-pisco-santiago-queirolo-acholado","width":1333,"height":2000,"thumbnail":{"url":"np://user.desktop.nicepage.com/Site_2635923493/images/thumbnails/pisco-santiago-queirolo-acholado-pisco-santiago-queirolo-acholado.jpg","width":167,"height":250},"usages":["1420818507"]},{"id":"user-image-barsol-acholado1-30aabac103680bfc7216372408200217-480-0.jpg","publicUrl":"np://user.desktop.nicepage.com/Site_2635923493/images/barsol-acholado1-30aabac103680bfc7216372408200217-480-0.jpg","size":62321,"hash":"xeUi7ebtGJRjITCYFoqZ5Ki66+M=","fileName":"barsol-acholado1-30aabac103680bfc7216372408200217-480-0.jpg","name":"barsol-acholado1-30aabac103680bfc7216372408200217-480-0","width":480,"height":480,"thumbnail":{"url":"np://user.desktop.nicepage.com/Site_2635923493/images/thumbnails/barsol-acholado1-30aabac103680bfc7216372408200217-480-0.jpg","width":250,"height":250},"usages":["1420818507"]},{"id":"user-image-tabernero-peruvian-pisco-acholado-tabernero-peruvian-pisco-acholado_1.jpg","publicUrl":"np://user.desktop.nicepage.com/Site_2635923493/images/tabernero-peruvian-pisco-acholado-tabernero-peruvian-pisco-acholado_1.jpg","size":21395,"hash":"xId9CWrvj3cJu+x3FYKVQXWH/Ao=","fileName":"tabernero-peruvian-pisco-acholado-tabernero-peruvian-pisco-acholado_1.jpg","name":"tabernero-peruvian-pisco-acholado-tabernero-peruvian-pisco-acholado_1","width":384,"height":512,"thumbnail":{"url":"np://user.desktop.nicepage.com/Site_2635923493/images/thumbnails/tabernero-peruvian-pisco-acholado-tabernero-peruvian-pisco-acholado_1.jpg","width":188,"height":250},"usages":["1420818507"]},{"id":"user-image-pro_01630244044407b2e73f1fa3379e7d42.jpg","publicUrl":"np://user.desktop.nicepage.com/Site_2635923493/images/pro_01630244044407b2e73f1fa3379e7d42.jpg","size":86677,"hash":"hO7yRkqarHycRrbK+L6sN1nmugY=","fileName":"pro_01630244044407b2e73f1fa3379e7d42.jpg","name":"pro_01630244044407b2e73f1fa3379e7d42","width":482,"height":546,"thumbnail":{"url":"np://user.desktop.nicepage.com/Site_2635923493/images/thumbnails/pro_01630244044407b2e73f1fa3379e7d42.jpg","width":221,"height":250},"usages":["1420818507"]},{"id":"user-image-1384014.png","publicUrl":"np://user.desktop.nicepage.com/Site_2635923493/images/1384014.png","size":2634,"hash":"K/OaQ2/0ibz5iOa5sk+BoDQ8gec=","fileName":"1384014.png","name":"1384014","width":128,"height":128,"thumbnail":{"url":"np://user.desktop.nicepage.com/Site_2635923493/images/thumbnails/1384014.png","width":128,"height":128,"length":2634,"type":"png"},"usages":["244361181","515327989","363721389","1420818507"]}]